Sun Kil Moon,I Watched The Film The Song Remains the Same,Library & Streams (Part 19)
Light This City,No Solace in Sleep,aaplist - metal
Anna Calvi,Lady Grinning Soul,Anna Calvi
Vincent de Moor,Flowtation,Trance Classics - Ven's Pick
Emperor Yes,Carl Sagan,New albums
Lou Reed,The Gun,In Search of: Lou Reed
CZARFACE,Air 'Em Out,Hi I'm Seth Troxler
Lupe Fiasco feat. Sarah Green and GemStones,Free Chilly - feat. Sarah Green and GemStones Interlude Explicit,Albums 1
Suzanne Vega,Gypsy - Live,Library & Streams (Part 9)
Heatbeat,Extra Bacon - Radio Edit,Electro House
Sugar Ray,Every Morning - Remastered,My music
The Magnetic Fields,How Fucking Romantic,Starred
Dave Matthews Band,Everyday,Dave Matthews
John Lennon,(Just Like) Starting Over,todos
Kings Of Convenience,Toxic Girl,last.fm
Horse Feathers,Last Waltz,Bluegrass
Mr. Scruff,Fish,Kyan Upvotes
Janet Jackson,Interlude-Full,RS 500 Greatest Albums
Texas,Say What You Want,Favoritos de Todos Los Tiempos
Pillar,Fireproof - Mudrock Version,My Essentials
Butch Walker,Sober,Butch Walker
La Mente,Gigantes de Arena,La firme
Andr√©s Calamaro,Flaca,Starred
Ella Fitzgerald & Duke Ellington,Imagine My Frustration,Ella
Cage The Elephant,Shake Me Down,The Most Popular Tracks 2009 - 2012 | WAH (3 Jun)
Two Cow Garage,Wait,Dreamy Pop Supreme
Jesse & Joy,La de la mala suerte,Jesse & Joe
Arcade Fire,Reflektor,Summer Waves 2014
Howard McGillin,Both Sides Of The Coin (Jasper & Chairman),Music Theater
Silversun Pickups,Lazy Eye,Playlist Rompe Madres
Lizard Eye,Through The Flames Of The Sun,Lizard Eye - Flames of the Sun
AJ Rafael,She Was Mine (feat. Jesse Barrera),mellow
Pendulum,Witchcraft,Starred
Frank Klepacki,Valves,Ultimate C&C
Phish,All Things Reconsidered,Phish
Phoenix,Trying to Be Cool,Liked from Radio
Mus,Sacramento,Mus
Foster The People,Pumped up Kicks,Albums I Love
Jamiroquai,Space Cowboy - David Morales Mix,Los Amigos Invisibles
Pulp,This Is Hardcore,desert island records
The Mutts,From the Trenches,January 2015
Godspeed You! Black Emperor,We Drift Like Worried Fire,PS 2014 Bea
Usher,U Remind Me,90's/ 00's Teen
Sinister Souls,Tuh Tuh Duh,NEURO/HARDSTEP
Johnny Blaze,M.E.F.,Hip Hop
Muse,Hysteria - Live From Wembley Stadium,Muse
Steely Dan,The Boston Rag,Steely Dan
The Clash,Lost in the Supermarket,The Clash
Pernice Brothers,B.S. Johnson,2012.11
Steps,Summer Of Love,a l b u m s
Ignite,Veteran,Ignite
Lulu And The Luvvers,Shout,Jobbm√∂te Feb or May 2012
Johnny Cash,Arkansas Lovin' Man,Johnny Cash
Luluc,Star,Library & Streams (Part 22)
Nine Inch Nails,Another Version of the Truth,NINstrumental
Paolo Conte,Via con me,Starred
Yoga Pop Ups,Champagne Supernova,Journaling PlayList
Sheppard,Geronimo,RUN2
Sarah,Verliefd,De Leukste Kids Hits 2013 Vol. 1
Orishas,Canto para elewa y chango,..‚ô©.¬∏¬∏‚ô¨¬¥¬Ø`‚ô¨.¬∏¬∏¬§ ORISHAS ¬§¬∏¬∏.‚ô¨¬¥¬Ø`‚ô¨¬∏¬∏.‚ô©..
As I Lay Dying,Paralyzed,nanana
Solar Powered People,Drenched,helloiamjohn
Talk Talk,It's My Life,Album Track Heroes
Ryan Paris,Dolce Vita,Ouderwetsch dansen
Mike Doughty,Busting Up a Starbucks,All Live Files
The Cure,Pictures Of You - Remastered,The cure
Wess Morgan,I Choose to Worship,Kristet
Sister Hazel,All For You,90's
Karina,A Quien,LOS 80's Y 90'S
Green Day,Reject,lets riot
Cold War Kids,Mine Is Yours,M√∫sica para inhalar thinner
Bon Jovi,Runaway,para el viaje
Phoenix,If I ever feel better,14 summerdaze
She & Him,Sentimental Heart,Home iTunes
Julie London,Cry Me a River,songs for autumn
The Sunday Drivers,Passing you by,i√ëIgOUUS mUsiKeTA
Lhasa De Sela,De Cara a la Pared,FAVORITISIMAS
B√©la Fleck and the Flecktones,Stomping Grounds - Live Version,hippieshit
Apparat,Candil De La Calle,Disco Moon Dance on Saturn
Ace Hood,Bugatti,Manweek Pre Fall 2013
Gamma Ray,Valley of the Kings,Toda la m√∫sica
Hal McKusick,Sally's Pound Cake,All Spotify Stuff Vol 3
Taylor Swift,Never Grow Up,:)
Ti√´sto,If a Lie Was Love - Baggi Begovic KNAL Mix,Starred
Moby,Porcelain,Great Albums
Penguin Cafe Orchestra,Numbers 1-4,Penguin Cafe Orchestra ‚Äì Concert Program
Kanye West,Lost In The World,Starred
Los Asl√°ndticos,Rescatar la Humanidad,Starred
Trinity FM,S.O.S - The sound of silence,H√¥tel Costes
Vee Cohaagen,Renegade Stoked With Lemonade (Quaid Head Mix),Emalkay - UKF Dubstep 2012
En Esp√≠ritu Y En Verdad,Habitaci√≥n,En Esp√≠ritu Y En Verdad ‚Äì Piedras Vivas
George Lewis,Sensation Rag,MyStuffFifthpart!!!!!
Kurupt,Pop Pop Bang!,Rap
Scissor Sisters,Paul McCartney,Name Drop
Mando Diao,Child,Mando Diao ‚Äì Aelita
Neon Trees,Love And Affection,Neon Trees ‚Äì Picture Show
La Polla Records,Era un Hombre,punk
Jamelia,Superstar,running 2012
Yabby You,Shining Sun Dub,dub your face off
Arctic Monkeys,The Jeweller's Hands,Starred
Paramore,Pressure,Rad songs for when I'm not being brtual.
Misfits,Come Back,Punk
Childish Gambino,II. earth: the oldest computer (the last night),Alex Albums
Avatar,From Over The Fence,Avatar
RUN-DMC,It's Tricky,Starred
Robert Glasper Experiment,What Are We Doing,RARELAX
Lana Del Rey,Yayo,Born To Die - The Paradise Edition
Daddy Yankee,Mintiendo Con La Verdad,Doors That Should Be Slammed Shut
David Byrne,For You,MARGINS
Tony Ferrari,South Haven Girls,Library & Streams (Part 21)
Mogwai,George Square Thatcher Death Party - Justin K Broadrick Reshape,Post Rock
Plini,Away,Progressive Rock
Tycho,Dive,TYCHO
Iska Dhaaf,General Malaise,Library & Streams (Page 20)
Omarion,Ice Box,Throwbacks!!
French Kicks,The Trial Of The Century,Liked from Radio
The Cinematic Orchestra,Burn Out,aaplist - nintuny
Shakira,Did It Again,Everything
Daft Punk,The Game of Love,Random Access Memories
Axel Krygier,Lo tendr√© que adivinar,NOW! playing
"Halloween, Alaska",In Your Sleep,Starred
John Legend,Ordinary People,"melankoli, baby!"
Eric Turner,Dancing In My Head (Tom Hangs Remix) [Eric Turner vs. Avicii],EDM
Avicii,I Could Be The One [Avicii vs Nicky Romero] - Nicktim - Radio Edit,üç∏
The Harmony Group,Tierra De Nadie,relax dormir estudiar trabajar
Gap Dream,There's Blood On The Stone,Library & Streams (Part 18)
The Strokes,"Call It Fate, Call It Karma",Top 100 tracks of 2013
Yann Tiersen,La dispute,European Fair
Tig Notaro,The Bee Joke,Starred
Hot Chip,Keep Fallin',Pitchfork Fest 2012
Johan Steng√•rd,John Dunbar Theme - Dansar Med Vargar,Johan Steng√•rd ‚Äì Lugna bl√• stunder
Operation Ivy,Sound System,Panc
Mutemath,Odd Soul,r√•kk enn r√•ll
Quatuor Mosa√Øques,Quartet in A major - Allegro,Mozart
Sylvain Chauveau,II,Sylvain Chauveau
Imogen Heap,Hide And Seek,Labor day
Bruce Hornsby,Backhand,my stuff six part
Jean-Philippe Rameau,Rameau : Les Indes Galantes - Suites des airs √† Jouer (Sinfonies) - III. Orage,klassiek
"Earth, Wind & Fire",Devotion,"Earth, Wind & Fire ‚Äì Earth, Wind & Fire"
G-Side,24 Eight,Starred
Locust,Strobes,Starred
Drake,Take Care,Mainstream Chart | WAH (5 Jun)
Nick Thurmond,Missing You,Nick Thurmond
Bleachers,I Wanna Get Better,Now Listening - May 2014
Jason Derulo,Talk Dirty (feat. 2 Chainz),Mammabebis
Linkin Park,I'LL BE GONE - Schoolboy Remix,Linkin Park 
Two Door Cinema Club,Someday,2012 rollz..
Rhys Chatham,Harmonie du soir,2012 Late Additions
Justin Timberlake,SexyBack,Love this stuff
Bonnie Tyler,Total Eclipse of the Heart,oshentero
Lorde,Team,Starred
The Bryan Ferry Orchestra,Just Like You,Cooking & Eating
Foy Vance,You And I,Library & Streams (Part 26)
Glee Cast,Like A Virgin (Glee Cast Version featuring Jonathan Groff),Glee
Two Door Cinema Club,"Eat That Up, It's Good For You",Liked from Radio
Meridian Brothers,Salsa Caliente - Versi√≥n Aumentada,Soundway Records
"Kundalini: Yoga, Meditation, Relaxation",Bella's Lullaby,Starred
Elena,Disco Romancing - Video Edit,dance 2011
Soft Cell,Bedsitter,Bitches on my dick
Panjabi MC,Mundian To Bach Ke,ESENCIA
Bring Me The Horizon,Blessed With A Curse,Starred
Sophie B. Hawkins,As I Lay Me Down,Classic Rock <3
Neil Diamond,Neil Diamond - Cherry Cherry (Live),Sadie IPOD
The Boo Radleys,Vegas,The Boo Radleys ‚Äî Giant Steps (Expanded Edition)
Florence + The Machine,I'm Not Calling You A Liar,BE ALTERNATIVE
Afroreggae,Vamos Fugir (Ao Vivo),Mis Discos mi tesorico
Jorge Drexler,Raquel,Jorge Drexler ‚Äì Bailar en la cueva
Maroon 5,Fortune Teller,to listen
Drake,From Time,Drake - Nothing Was The Same
Reef,Just Dropped In (To See What Condition My Condition Was In),summer songs
Chriss Tuxi,Bierk√∂nig N√§chte sind lang,Apres Ski
"Osmani Garcia La Voz""""",El Taxi,Power
Aramateix,(Mitja Part) Nosaltres Som,musicaglobal 2008
Chromosome,Human Structures,psychedelic trance
Trent Reznor and Atticus Ross,An Itch,"Chilltown, USA"
The Cure,Prayers For Rain,Post-Punk
Janis Joplin,Mercedes Benz,Starred
Fear,Let's Have A War,Now That's What I Call Go Fuck Yourself! (Volume One)
The Police,Wrapped Around Your Finger - 2003 Stereo Remastered Version,Starred
Backstreet Boys,Larger Than Life,Liked from Radio
Nitin Sawhney,Homelands,On-The-Go 1
Joy Division,Love Will Tear Us Apart,Musica
Kendrick Lamar,Swimming Pools (Drank),Belize Ray Ban Vision 
Nosotr√§sh,Mejor,la infancia de iv√°n
Manchester Orchestra,Girl Harbor,The Orchestra Chester of Man
The Crystal Method,Name Of The Game,truckin
Those Darlins,Screws Get Loose,Folk Chart | WAH (2 Sep)
Beirut,Un Dernier Verre (Pour La Route),Tiger Lillies in Beirut
Daft Punk,Short Circuit,Daft Punk - Discovery
Eddie Vedder,Guaranteed,HAWAII SESSIONS (fresh moments)
Shamir,On The Regular,Best of 2014
Youngbloodz,I'mma Shine,A
Man√°,Clavado en un bar [En vivo],Baladas
Sam Cooke,(What A) Wonderful World,Sam Cooke - Portrait of a Legend
Curiosity Killed The Cat,Down To Earth - Single Version,Wedding G.Nic14
T.P.E.,Then Came You,Freestlye
The Beginning Of The End,"Funky Nassau - , Part 1",Rudes Muse: March '15
Mark Kozelek,First Unitarian Piece,Kozelek
Creed,Overcome,Liked from Radio
Decibel,Mighty Wind - Original Mix,Starred
The Radio Dept.,The Video Dept,Pitchfork rekommenderar
Edward Sharpe & The Magnetic Zeros,Man on Fire,Mys
RUN-DMC,Run's House,rebellious jukebox
Coldcut,Return To Margin - J Swinscoe Mix,Coldcut ‚Äì Let Us Replay
Phil Oakey,Together In Electric Dreams - 2003 Remastered Version,Leanna
The Master's Apprentices,Turn Up Your Radio ('95),Master Psych Stoner
The Chemical Brothers,This Is Not A Game,2014 favs
Culture Club,Black Money,Recovery
Shane Everett,You Said - Psalms Album Version,Chill
Foo Fighters,My Hero,Mi Alternativo 
Chris Brown,Look At Me Now,Chris Brown 
DJ Las K,Tiramisu,Cocktail Hour
The Lone Bellow,Bleeding Out,November 2013
Escape With Romeo,Helicopters in the Falling Rain,Starred
Little Jimmy Scott,Nothing Compares 2 U,Starred
Panic! At The Disco,Nicotine,Synced
Erasure,A Little Respect,Starred
Prince,Darling Nikki,blew my mind
Atlas Sound,Doldrums,constant listens
Kyla La Grange,I Could Be,Library & Streams (Part 10)
Lou Bega,Mambo No. 5 (A Little Bit of...),Felicidad
Two Door Cinema Club,Something Good Can Work,Liked from Radio
Alice Deejay,Everything Begins With An E,"I love you, June!"
Loquillo,07 Billy La Rocca,Artistas
Grant Green,Mama Inez,WordPress 3.4 Grant Green playlist
Alicia Keys,Samsonite Man,Alicia Keys ‚Äì The Diary Of Alicia Keys
Afrojack ft. Eva Simons,Take Over Control (Official Radio Mix),studio
Kings Of Leon,Back Down South,TRAVELS 3
Pitingo,Te Llamo Para Decirte Que Te Quiero ( I Just Called To Say I Love You),Duquelas Flamencas
Peter Bradley Adams,I May Not Let Go,ACOUSTIC FOLK POP
Kanye West,Runaway - Single Version,bravo por la musica
Matt Corby,Winter,November/December 2012
Eros Ramazzotti,Nada Sin Ti (Solo con te),Starred
Robert Schumann,"Piano Trio No. 2 in F, Op. 80: I. Sehr Lebhaft",ORCHESTAL MUSIC EVERYWHERE II
Groove Armada,History,Bits and Bobs III
Richard Wagner,Die Walkure - Ride of the Valkyries,Classical
"Ilse, Ivonne y Mimi",Ay Amor - Primera Fila Flans (En Vivo),"Ilse, Ivonne y Mimi ‚Äì Primera Fila Flans"
Napalm Death,Riot Of Violence,ROCK & METAL COVERS
Ministry Of Sound Scapes,HymOm,50 Chillout Lounge Classics 
Soda Stereo,Final Caja Negra (Live),ROCK ARGENTINO
The Mowgli's,Carry Your Will,Summer2k14
The Temper Trap,Sweet Disposition,iKobus favorites
Will Young,Stronger,JB - Pop & Rock
Demi Lovato,Heart Attack,SwagYolo
Mr Beatnick,Synthetes,2012 12 : Dec
The Delgados,4th Channel,The Delgados - Domestiques
Class Actress,Prove Me Wrong,Studio 4-7-2013
Millionyoung,Lovin,Starred
Izal,Jenna Fischer,Izal - Agujeros de Gusano
Little Green Cars,The Consequences of Not Sleeping,Little Green Cars - Absolute Zero
The Wedding Present,Perfect Blue,FOR CURLY
Weezer,Island In The Sun,Cool stuff
The Offspring,Gotta Get Away,work playlist
Say Anything,Metal Now,Say Anything - ...Is A Real Boy
First Aid Kit,I Found a Way,First Aid Kit
ZOEgirl,About You,Charted Songs
K√∂lsch,Goldfisch,party upper 8 - f√∂lj senaste nr 10 ist√§llet
Ivory Weeds,Bedroom Talk,Abril
Edward Sharpe & The Magnetic Zeros,Jade,Edward Sharpe & The Magnetic Zeros ‚Äì Up From Below
Ayumi Sakai,Arigato -I Miss You-,J-Pop
Jennifer Lopez,Until It Beats No More,May4th
Ludacris,How Low,Musik 2009-2010
Pearl Jam,Sad,Pearl Jam ‚Äì Lost Dogs
Havalina,Tu Ciudad,havalina
Seal,I'll Be Around,Soul 2
Nuno da Camara Pereira,Ao Meu Amigo Sincero,"World\Espa√±a, Portugal y America"
Dillon Francis,I.D.G.A.F.O.S.,Wub.
Switchfoot,Where I Belong,Swtichtfoot
Magnus Carlsson,Live Forever,Schlager
Philip Glass,Oph√©e Suite For Piano 2000: Journey To The Underworld,Glass and Minimalists
Plain White T's,Season of a Lifetime,xmas2k13
alt-J,Dissolve Me,Starred
James Davis,Better Than You Are,2015 February
Over The Rhine,Changes Come,Over the Rhine
Philip Glass,Anthem - Part 3,Glass and Minimalists
Kent,Ismael,Juli 2010
The Bear Quartet,Helpless,godnatt
The Nighthawks,Sixteen Tons,"Various Artists ‚Äì ...and all the pieces matter, Five Years of Music from The Wire"
Nirvana,Smells Like Teen Spirit,TNT Playlist
Belleruche,The Itch,Belleruche - Best Of
The Beach Boys,Here Today - Digitally Remastered 96,ice cream sodas
Tobacco,Get My Nails Did,tobacco
Cut Chemist,Bunky's Pick,everything
Jiwok,Seance15_S√©ance d'adaptation alternant des temps de course en endurance et des phases de marche active.,JIWOK
David Bowie,Moonage Daydream - 2002 Remastered Version,Capsula
Of Monsters and Men,Mountain Sound,One Day
Sidney Bechet,Blues In Paris,Starred
Band of Horses,Detlef Schrempf - Live Acoustic,Nothing Knows A Lot About Me
Hellberg,Farewell,old cali ::
Trapt,Headstrong,Kit de supervivencia...
Jel,All Day Breakfast,Starred
Michael Jackson,Smooth Criminal - 2012 Remaster,My Valhalla
The Lumineers,Ho Hey,The Lumineers - The Lumineers
AFI,Paper Airplanes (makeshift wings),Guiltiest Pleasures
Suicidal Tendencies,Trip at the Brain,120 Minutes /88/
Incubus,Pantomime,Incubus
Ludacris,Southern Hospitality (Featuring Pharrell),Lovely Tunes
Kate Tempest,Bad Place For A Good Time,SXSW 2015
3 Doors Down,Kryptonite,Starred
Brad Paisley,She's Everything,country
alt-J,Every Other Freckle,Jp's - Top Songs
Little Richard,Long Tall Sally,Roller Disco Derby
Fifth Harmony,Who Are You,Liked from Radio
Frank Sinatra,The Christmas Waltz - Alternate Version;1999 - Remaster,Christmas
Ian van Dahl,Will I - Radio Edit,gym tunes
Mastodon,Deep Sea Creature,Mastodon
The Postal Service,Such Great Heights,Liked from Radio
Shola Ama,Imagine - Club Asylum Remix,P!nk - KISSTORY
John Williams,Ewok Feast/Part of the Tribe - Medley,Movie Executive Dad
The Clash,Sean Flynn - Extended 'Marcus Music' Version,gisernia ALL
Aphex Twin,CIRCLONT6A [141.98][syrobonkus mix],TITS 2.0
Alabama Shakes,Hang Loose,s u m m a
Tom Petty & The Heartbreakers,Money Becomes King,steve's nano
Neil Young,Slip Away,ALL ROCK ARTIST LISTS
Dirty South,Super Sounds,"La Bombonera(Commercial, Dance & House Spring' 2015)"
Alvin Risk + Skrillex + Jason Aalon Butler,Try It Out - Put Em Up Mix,Dubstep
Oni Logan,Deck The Halls,XMAS
Whitney Houston,I'm Your Baby Tonight,pilito
Giuseppe Verdi,"Un ballo in maschera / Act 3: Ah! perch√© qui! fuggite""""",Verdi: Un Ballo in Maschera
Blind Faith,Can't Find My Way Home,Blues & Blues-Rock Album Collection
Com Truise,Space Dust (Bonus Track),Starred
The Format,Tune Out,The Format - Interventions and Lullabies
DeaderThanDisco feat. Jade Mcdonald,Shooting Stars (Radio Edit),Running 10km
Mase,Welcome Back,At the end of the day...
Izal,Jenna Fischer,Yo matar√© monstruos por ti..
Soulja King,Girls Love Beyonce & Drake,-2014FAV-
Mathias Ruegg,Just Another Lovely Song,ORCHESTAL MUSIC EVERYWHERE II
Arctic Monkeys,Dancing Shoes,Idoia
A Tribe Called Quest,I Left My Wallet in El Segundo,Starred
Depeche Mode,Enjoy the Silence - 2006 - Remaster,Covers & More Covers
Swoope,Time/ Lullaby Prelude,Starred
De Vet Du,TV-Spel,De Vet Du ‚Äì RadioMusik
Minutemen,Corona,Punk/Grunge/Stoner Rock
John Travolta,Summer Nights,Musicales
Pantera,Strength Beyond Strength [Live Version],Pantera ‚Äì The Pantera Collection
Escape the Fate,The Webs We Weave,Heavy Rock/Metal
The Cure,End,Starred
Blitzen Trapper,Feel the Chill,stuff i like
Roy Orbison,You're My Baby,folk americ√†
iceage,Burning Hand,"M√∫sica para recordar a Alaska, 2013."
Benny Goodman,This Can't Be Love,40s Music
U2,One,Liked from Radio
Neutral Milk Hotel,In The Aeroplane Over The Sea,"Love, Speed and Picasso"
John Williams,Ben Kenobi's Death / Tie Fighter Attack,OSTs
Sidonie,Miles,√ë
Gold Panda,Mayuri,Glitch / Chill
Koko Taylor,Twenty-Nine Ways (To My Baby's Door),Koko Taylor ‚Äì What It Takes: The Chess Years [Expanded Edition]
Vitamin String Quartet,Points Of Authority,Vitamin String Quartet
Anthony Gonzalez,Fearful Odds,2013
Devendra Banhart,Todo Los Dolores,Starred
Robert Glasper,Chant,Radio-favorieten
Erasure,In My Arms,Erasure ‚Äì Hits! The Very Best of Erasure
Half Dead & The Twinz,Just Like Xmas,Snoop Dogg
Alphaville,Forever Young,Songs I Really Like
Bj√∂rk,Violently Happy (Fluke - Well Tempered),aight
Jacques Brel,Bruxelles,Francais
Erik Satie,3 Gnossiennes: Gnossienne No. 1,debussy
Cypress Hill,I Ain't Goin' Out Like That,autumnismal
Ray Charles,Yes Indeed - Single/,Ray Charles
Regina Spektor,Eet,OPQRSTU
Frank Turner,You Are My Sunshine,Deceptively happy sounding songs
Steve Mason,Oh My Lord,2013-04
The Doors,The End,Starred
Camera Obscura,If Looks Could Kill,Camarote
The Hold Steady,How a Resurrection Really Feels,Library
Devotchka,Ruthless,what
Meat Puppets,Dry Run,Por escuchar a√∫n
Coldplay,The Scientist,Ricks Zeroes playlist
Dido,Stoned,Musica!
Flo Rida,Wild Ones (feat. Sia),2012
Los Piratas,A√±os 80,Alicante2o15
,Lounge dreams night time 4,Starred
Mecano,Me Col√© en una Fiesta,VERANO 2013
System Of A Down,Psycho,aaplist - metal
Whitney Houston,One Wish (For Christmas),Xmas Party 2013
BIGBANG,Somebody to Love,Asian
Them Crooked Vultures,Bandoliers,Best of '09
Grace Potter & The Nocturnals,Parachute Heart,Albums To Buy
Czech Philharmonic Chamber Orchestra,Battlefield,Pewwwwwwwwwk
Vampire Weekend,Finger Back,Vampire Weekend ‚Äì Modern Vampires of the City
Le Butcherettes,Bang!,Full Albums
Killer Be Killed,Save the Robots,Library & Streams (Part 21)
The Story So Far,Quicksand,TSSF
Fred Baker,Free (Original Trance Mix),Black Hole Recordings
Amason,Duvan,New Releases 2015
Disiz La Peste,Fuck Disiz,Rap FR
Deep Purple,Out of Hand,SALA DE ESPERA
The Black Keys,Busted,My Shazam Tracks
Richard Strauss,"Kling, Op.48, No.3",Richard Strauss
AFI,Beautiful Thieves,Lonely nights...
Plan B,The Recluse,various
Metal Church,HItman,Stuff #5
Jason Vieaux,Always and Forever,Jason Vieaux
The Tornados,Telstar (Re-Recorded),Starred
Ice Cube,Doing Dumb Shit,Can't Stop Won't Stop (songs from the book)
Leila Forouhar,Nemidoonam,Ella
Faces,Stay With Me (2008 Remastered Album Version),EDGITO'S APARTMENT MUSIC
Katy Perry,Circle The Drain,Katy Perry - Katy Perry - Teenage Dream: The Complete Confection
Common,Drivin' Me Wild,Random Mix
The Cranberries,Linger,Revenge of the 90's
Elvis Costello & The Attractions,"(What's So Funny 'Bout) Peace, Love And Understanding",Liked from Radio
Hardux,Hardbass - Club Mix,Compilations
Redman,Psycho Ward,Rap & Hip-Hop
John Holt,Love I Can Feel,Starred
Èô∂ÂñÜ,ÊÑõÊòØÂÄã‰ªÄÈ∫ºÊù±Ë•ø,Èô∂ÂñÜ 
Jill Barber,Never Quit Loving You,Starred
La Fuga,Capital Federal,La Fuga
Kelly Clarkson,Since U Been Gone,boys r dumb
Pornosonic,Sex Starved Secretaries,Pornosonic ‚Äì Pornosonic: Unreleased 70's Porn Music
Hipnotik,Dicen de Mi,Rimadero
Los Perrones de la Radio,La Cumbia del Rio - Las Mulas de Moreno - Desmadre en el Bano - Guitarrazos Mix,Los Perrones de la Radio ‚Äî Las mas gachas de la radio
Brodinski,Fran√ßois-Xavier - feat. Young Scooter,VIET 0015
Lily Allen,Not Fair,Starred
Storyhill,World Go Round,Albums I Love
POLI√áA,I See My Mother,Liked from Radio
DJ Green Lantern,The 3rd World,Immortal Technique ‚Äì The 3rd World
Delerium,Incantation,delerium
Sean Paul,Punkie,Musica!
Marilyn Manson,The Fight Song,Starred
Steve Gibson,One Night In Bankok,Oldies
Justice,NY Excuse,Liked from Radio
Ciara,Body Party,Friction Time
Afrojack,No Beef - Vocal Mix,Pump it up 
Coldplay,The Scientist,Asdf
They Might Be Giants,Fingertips - 14 - Somethin' Grabbed,Formative
The Game,Celebration,Billboard Top 100 (2013)
C2C,Down The Road,Starred
"Muffs, The",New Love,Teen Dance Party
Chase & Status,Lost & Not Found,Boardmasters 2014 warm up
The Apache Relay,Can't Wake Up,Alltimers
Lake People,Fallin' In Love - Caf√© Buddha Del Mar Bar Mix as made famous by La Bouche,Buddha Bar 
Guns N' Roses,Welcome To The Jungle,1 Everything
Joe Crep√∫sculo,Tus cosas buenas,El disco de 2012
Local Natives,Airplanes,Chill/Study
The Head And The Heart,Rivers and Roads,Best Albums of 2011
Superslut,Poursuite - Citizen Kain & Phuture Traxx Remix, hardstyle/ techno / jumpstyle mm....
Mutemath,Odd Soul,Starred
Mudvayne,Have It Your Way,Pompeitor  List
Franz Schubert,"Impromptu No. 3 in G-Flat Major, D. 899, Op. 90",JB - To Check Out 4
Judas Priest,Come and Get It,Lista 1
Bruce Springsteen,Mary's Place,Bruce Springsteen & The E Street Band ‚Äì The Essential Bruce Springsteen
The Bouncing Souls,Lean On Sheena,new day
Lisa Stansfield,Why,Lisa Stansfield - Seven (Deluxe)
Mutemath,Allies,best of 0h-e1even
M√ºrfila,Caliente,M√ºrfila
Joe Cocker,A Song For You,good covers
Jesse McCartney,How Do You Sleep,Starred
TKA,Maria,"Free Style 80s"""
Counting Crows,Love And Addiction - Demo,american classics
Belle & Sebastian,You Don't Send Me,Dear Catastrophe Waitress
Survivor,Eye of the Tiger,Sarah's Ipod Shuffle Selection
Eluvium,Crash Deconstructed,Eluvium ‚Äî The Motion Makes Me Last 
Robert Ramirez,You Are Not Alone (Feat. Javi Nieves & Mar Amate),Liked from Radio
Eva Abraham,Angel Stroll,Antoine Becks - All Stars Soundtrack
Andr√©s Calamaro,Enola Gay,PE2
Elisa's,Take Me Home Country Road,Country
Gene Vincent,Ain't She Sweet,Beatles Inspirations - The Original Records Covered by the Beatles
We Found Love in a Hopeless Place,We Found Love,Top 40 Charts Mega Burner
Andr√©s Calamaro,Todos se van,Andres Calamaro
Oasis,Wonderwall,90's
...And You Will Know Us By The Trail Of Dead,All Saints Day,Stuff #6
Michael Nyman,To The Edge Of The Earth,scores
David Zinman,"Symphony, No 3, Op 36 ('Symphony of Sorrowful Songs'): Movement 2",By Decade
Frank Sinatra with the Ray Charles Singers,I'm A Fool To Want You - 78 rpm Version,Jazz-2
Doves,There Goes the Fear,Starred
Sleigh Bells,Crown On The Ground,Limpan svettis
John Moreland,Your Spell,John Moreland ‚Äì In the Throes
The Who,Underture - Remixed Album Version,Top Albums of the 60's in Spotify
O-Town,Liquid Dreams,Sporting Gameday Playlist 2014
Lenny Kravitz,It Ain't Over 'Til It's Over,Junio
Fryderyk Chopin,Piano Sonata No.3 - Op.58 - in Bm - Largo,Chopin- Complete Piano Music- by Idil Biret - Disc 07
Second,Rinc√≥n exquisito - Directo 15,Premium
Movie Sounds Unlimited,Theme From Pirates Of The Caribbean 2: Jack Sparrow,Estas si que si.
Macklemore & Ryan Lewis,Same Love - feat. Mary Lambert,Summer and sun!! ‚òÄ
Pet Shop Boys,Metamorphosis - 2001 Remastered Version,Musica!
The Bangles,Walk Like an Egyptian,Cleaning List
Bruised But Not Broken,Color Theory,Starred
Kacey Musgraves,Blowin' Smoke,2013 okayness
Nickelback,Far Away,Snow Patrol
Lax'n'Busto,M√©s que la meva sang,Starred
Keane,Everybody's Changing,winter's coming
Kasabian,treat,RECORDS
Freddie Mercury,Living On My Own - 2011 Remaster,Queen - Collection
The Clash,Lose this Skin,sandinista!
Foster The People,Pumped up Kicks,Glamorous Indie Rock & Pop for Rainy Days
Caloncho,Palmar,Palmar
Ex Cops,Jazz & Information,2013
Ali Farka Tour√©,Soya,Starred
Operation Ivy,Artificial Life,TheRotation
The Smiths,"Please, Please, Please, Let Me Get What I Want - 2007 Remastered Version",csr es voluble
Minor Threat,Salad Days,Starred
Audio Two,Top Billin',Rap Essential Tracks
Danza Invisible,"Yo Encarnare Mi Amor, Directo",Danza Invisible - Heroes de los 80. Directo
Leona Lewis,Footprints in the Sand - Single Mix,Leona Lewis - Spirit
Nirvana,Smells Like Teen Spirit,Wod
Claptone,No Eyes,Drink
Selah Sue,Crazy Vibes,quike.misc
Radiohead,True Love Waits - Live In Oslo,Radiohead - Kid A - Collector's Edition
Ian Brown,Just Like You,Brit Pop
Airbourne,It Ain't Over Till It's Over,All the things!
Jorge Drexler,Universos paralelos,dicos varios
1990s,Vondelpark,ABCDEFG
Neu!,Good Life,Esto era la Pir√°mide y esto la Estatua
The Submarines,"You, Me and the Bourgeoisie",Indie
Penguin Cafe Orchestra,Air - 2001 Digital Remaster,Mama
Blondie,Kung Fu Girls - 2001 Digital Remaster,Blondie ‚Äî Blondie
Daedelus,Girls (feat. Abstract Rude and Busdriver),surfing on indigo
The Pop Group,Thief Of Fire,Post-Punk
Gallows,Mystic Death,Moderneces de 2015
Electric Band,My Right Time,Indie Espa√±ol
Chilly Gonzales,Kenaston,Cristal
Broken Bells,Leave It Alone,Broken Bells
Jhene Aiko,The Worst,Ahhh <3333
Scanner,Dreaming with You at My Side,my stuff six part
Bon Jovi,What Do You Got?,Rock moises 
Great Lake Swimmers,"Moving, Shaking",Great Lake Swimmers
Kevin Devine,Inside of Love,Music for People
Skid Row,18 And Life,TurboFavs
Diana Ross,Have Fun Again - Original CHIC Mix,First Impression
One Direction,Still The One,One Direction - Take Me Home: Yearbook Edition
Kat Deluna,Push Push - Main,Rakel 
Neil Young,Are You Ready For The Country?,Sadie IPOD
Seu Jorge,Rock With You,iHookah
Gemma Hayes,January 14th,Gemma Hayes - The Hollow of Morning
Eiffel 65,Blue (Da Ba Dee),"Las tipicas canciones que no sabes como se llaman, y te tiras la vida busc√°ndolas, hasta que un d√≠a la encuentras de pura casualidad"
Single,La Moto,Single ‚Äì Rea
Anorexia Nervosa,Mother Anorexia,Anorexia Nervosa ‚Äì New Obscurantis Order
Onra,Open The Door,HIP HOP / SOUL
J. Holiday,Laa Laa,soft
Aretha Franklin,You Make Me Feel Like A Natural Woman,Best music ever. 
Harvey Danger,Little Round Mirrors,Home iTunes
The Sounds,Tony The Beat,foraneos
Black Veil Brides,Abeyance,Starred
The Chemical Brothers,Hey Boy Hey Girl,90s-00s
Bad Religion,Murder,punk(ish)
Melendi,M√°s all√° de nuestros recuerdos,Starred
P!nk,Walk Away,tardes star
Dave Matthews Band,Grey Street - Live At Wrigley Field,Live
The Fray,Be Still,Coffee Time
The Falcon,Huffing the Proverbial Line Off the Proverbial Dong or The Blood And the Frog,Starred
Kremerata Baltica,"Happy Birthday"" Variations: Tango""",Gidon Kremer/Kremerata Baltica ‚Äì Happy Birthday
Generation DJ,Pump It Up,Starred
Keren Ann,Surann√©e (Seventeen),Keren Ann ‚Äì LA DISPARITION
Marie Dahlstr√∏m,True Love Is,Library & Streams (Part 5)
Generationals,Trust,G CORN  
The Smashing Pumpkins,Bullet With Butterfly Wings,replay music 32
Dave Matthews Band,Rhyme And Reason - 06/07/08 Busch Stadium St. Louis,Dave Matthews Band
Counting Crows,A Long December,Mellow & Melancholy - 90s (ish)
Death Cab for Cutie,Grapevine Fires,You know you want to listen to this as you commute
Groove Armada,Your Song,Groove Armada ‚Äì Vertigo
Drew Sidora,'Til The Dawn,Original Soundtrack ‚Äì Step Up Soundtrack
The Weeknd,Lonely Star,new bizness
The National,This Is The Last Time,The National ‚Äì Trouble Will Find Me
Elisso Bolkvadze,"Sonata for Piano No. 12 in A-Flat Major, Op. 26 (Funeral March): I. Andante con variazioni",Music for My Coronation
MGMT,Flash Delirium,Saturday Night Live Musical Guests: 1975 to 2013
Cliff Richard,We Don't Talk Anymore - 2000 Remastered Version,Blondie
Vetusta Morla,Autocr√≠tica,The First Marvelous Mixtape by Extraordinaire Delucious
Radiohead,Electioneering,iPod
Zero 7,Out of Town,jazz & blues
Metallica,My Friend Of Misery,November 2013
Fleetwood Mac,Go Your Own Way,Throwback
Paul Simon,Me and Julio Down by the Schoolyard,Dustin's Dinner Party
alt-J,Hunger Of The Pine,Summer Run
Chris Cornell,Disappearing One,Sad Songs - because sometimes sad songs make me happy :)
deLillos,Sveve over byen,norsk
Lee Konitz,Alone Together,The Greatest Jazz Trios of All Time - 3 is the Magic Number
L'Hereu Escampa,"Consol, Condol",Starred
Gym Class Heroes,Stereo Hearts - feat. Adam Levine,Rod
Marvin Gaye,Got To Give It Up (Part 1),Smooth
Tower Of Power,Heaven Must Be Missing An Angel,Boogie Wonderland
Chris Thile,I'm Nowhere and You're Everything,Bluegrass
Aqualung,7 Keys,Cazuela
Sea Wolf,Priscilla,Starred
The Supremes,Where Did Our Love Go - Stereo,35 anys i en Quim
PJ Harvey,Down By The Water,90s Alternative of My Youth
Slim Cessna's Auto Club,Red Pirate Of The Prairie,Tis My Country
Black Bonzo,Brave Young Solder,Master Psych Stoner
Black Sabbath,Falling off the Edge of the World,Black Sabbath ‚Äî Mob Rules
Macklemore & Ryan Lewis,White Walls (feat. ScHoolboy Q & Hollis),The Heist
Maroon 5,Moves Like Jagger - Remix,Liked from Radio
Rizzle Kicks,When I Was A Youngster,summer
Muse,Survival,MUSE
Steppenwolf,A Girl I Knew,Se7en7is7as
Boy & Bear,Feeding Line,2013 Discoveries
Rhino Bucket,No One Here,Rock L-Z
Renato Carosone,Tu Vu√≤ F√† L'Americano - 2001 - Remaster;,Temazos m√°ximos
Circa Survive,Kicking Your Crosses Down,Work
The Swell Season,Once (Live),The Swell Season ‚Äì Strict Joy [Deluxe Edition]
Pete Townshend,We're Not Gonna Take It - Demo,Album Rock Collxn - ALL of and Only the Best Albums
POLI√áA,Lay Your Cards Out,Starred
Sam Cooke,Cupid - Live,100 Greatest Albums
The Streets,Let's Push Things Forward,Starred
The Fray,She Is,Starred
Dirty Beaches,Sweet 17,Liked from Radio
John Mellencamp,Save Some Time To Dream,good listening
La Oreja de Van Gogh,Promesas de Primavera,LODVG
Bad Company,Feel Like Makin' Love (Remastered Album Version),Heard on The Sound
Darling Down,Empty Nights (Orchestral Mix),Library & Streams (Part 23)
Smokey Robinson & The Miracles,Who's Gonna Take The Blame,Mothership Connection I
Modest Mouse,The Cold Part,Starred
Amason,√Ñlgen - EP Version,Kit <3
Cheatahs,Fountain Park,Library & Streams (Part 11)
Ella Fitzgerald,Someone To Watch Over Me,Jazz
Los Delinquentes,La Calle De Los Morenos - 2011 - Remaster;,LA LISTA
Shabazz Palaces,Blastit...,Talking about being about it
Grizzly Bear,Lullabye,Grizzly Bear
Amy Grant,Breath of Heaven,Christmas
Andre Bratten,Aegis - Original Mix,SvDStefan Thungren
Adele,Take It All,Starred
Nils Frahm,"Dedication, Loyalty",Nils Frahm ‚Äî The Bells
Berlin,Take My Breath Away,Hitazos
Preservation Hall Jazz Band,Choko Mo Feel No Hey,Jazz
Alejandro Sanz,Ay Haiti!,Mam√°
SMASH Cast,Don't Forget Me (SMASH Cast Version) [feat. Katharine McPhee],New New New
Eminem,Lose Yourself - Soundtrack Version,Running
Mystic Roots Band,Pass The Marajuana,Liked from Radio
Rick Ross,9 Piece,traphousepartyanthems
Jedi Mind Tricks,Arturo Gotti Mix (Acapella),lista 1
Joe Satriani,Hordes Of Locust,Joe Satriani
Barrington Levy,Robin Hood,Musica!
2 Chainz,We Own It (Fast & Furious),aaaaaaaallt
Snoop Dogg,I Wanna Rock (The Kings G-Mix feat. Jay Z),Starred
David Bowie,Space Oddity - 2009 Remastered Version,Liked from Radio
Fischerspooner,Emerge,Starred
Lali Puna,Call 1-800-fear,Boooo 
Hans Zimmer,528491,Scores
Le√≥n Benavente,Las Ruinas,Contempopranea 2014 Alburquerque
Gil Scott-Heron & Jamie xx,Certain Things (Interlude),GQ Top 21 Albums of the 21st Century
Modern Talking,Let' s Talk About Love,synth-pop 80-85
Shearwater,Failed Queen,Starred
Laura Greene,Moonlight Music and You,possibles
KISS,"Lick It Up - Live At B.C. Place Stadium, Vancouver/1999",TurboFavs
Conway,Hustler,Hunted chart - Twitter #Music
The Avett Brothers,Laundry Room,The Avett Brothers
The Doobie Brothers,Jesus Is Just Alright With Me,ZLX
David Bazan,Eating Paper,New Music 2011
Tony Paris,"Shake, Rattle and Roll",Vintage Disney
Edwin Starr,War,Time Life Flower Power
Wafa,3 Man Down,Bryan Mar 2013
Mango Beat,Mon Amour,Various Artists - Hotel Skt. Petri - Edition Bar Rouge (Cafe Ibiza Del Hotel Mar Buddha Costes Bar)
Fuck,To My Gurl,Starred
Workout Heroes,Highway To Hell (Workout Remix + 135 BPM),"Faster, Harder and Dance"
The Ruts,Babylon's Burning,Have a nice Day
Fink,Pretty Little Thing,Shortlist for feeling
Relient K,Give Until There's Nothing Left,Relient K
Jean Guidoni,Seul,Artistes Wagram Publishing
Muse,Supermassive Black Hole,Rock
lostprophets,Rooftops (A Liberation Broadcast),Liked from Radio
Snow Patrol,An Olive Grove Facing The Sea,Jaimito
Ellie Goulding,Under Control,Ellie Goulding ‚Äì Halcyon Days
Zella Day,1965,cruel winter
The Rolling Stones,Paint It Black,oysters and snapper
Jo√£o Gilberto,Presente de natal,Jo√£o Gilberto ‚Äì Jo√£o Gilberto
A Sin for a Prayer,Reborn,Starred
Gerry Rafferty,Baker Street - Edit,Liked from Radio
Luca Fioretti,Aperylounge,CHILL
Tame Impala,Lucidity,2010
Los Tres,Olor a Gas,Recently Added
Jay-Z,Reservoir Dogs,+(*&^%$#@! Selection
Lena Katina,Never Forget - A Copycat Remix,Oktober 2012
Instrumental Hip Hop Beats Crew,I'm a Boss (Instrumental),I'm a Boss (Instrumental)
Ra Ra Riot,Do You Remember,Summer 2013
Tame Impala,Keep On Lying,Townes/Phossy/Lord Huron
Yeah Yeah Yeahs,Heads Will Roll - A-Trak Radio Edit,SWEAT+THERAPY
Hans Zimmer,We Built Our Own World,Hans Zimmer ‚Äì Inception
Blur,Girls And Boys,Starred
Ice Cube,Check Yo Self - Remix;,Ice Cube - Ice Cube's Greatest Hits
Daft Punk,Solar Sailer,Work
Ludwig van Beethoven,"Cello Sonata No. 3 In A Major, Op.69: II. Scherzo. Allegro molto.",CLASSICAL MUSIC
Roy Buchanan,Hey Joe,Patterson's Playlist
,la hungara - La Hungara,Windows Media Player
Lo-Fang,Silver,Feeling Inspired?
Of Mice & Men,Bones Exposed,Starred
Cheryl,Promise This,pachangueo
Stan Kenton,A Smith Named Greg,LimeWire
Dalida,Lazzarelle,Various Artists ‚Äì 100 French Classics Of The '40s & '50s
Saintseneca,Uppercutter,Saintseneca ‚Äî Dark Arc
Hip Hop Classics,Rockit,The 80's Hip-Hop
Garbage,I Think I'm Paranoid,Starred
Movits!,Limousin,Millans episka ny√•rslista (ej f√∂r o-coola kids)
Kjex,Mosambiquetravellplan,Para Mua
Claudio Colombo,"Piano Sonata, in G Major, K. 180",Domenico Scarlatti: All Keyboard Sonatas
Sarah Jarosz,Shankill Butchers,Songs I Really Like
Kendrick Lamar,The Blacker The Berry,march 2015
Roland Tings,Swimmer,All for shuffle
Michael Jackson,Earth Song - Remastered Version,Stage E 80s 
Kylie Minogue,Sleeping With The Enemy - Bonus Track,Kylie Minogue - Kiss Me Once (Special Edition)
Heartless Bastards,All This Time,Starred
Alien Ant Farm,Smooth Criminal,Bald Workout
Lyric Michelle,Why I'm Single,Lyric Michelle/Snow Tha Product
House Of Pain,Jump Around,Hip-hop/Rap
Daft Punk,Robot Rock / Oh Yeah,DaftPunk
Bronski Beat,Smalltown Boy,POP
Muse,Uprising,Liked from Radio
Top Of The Poppers,Labelled With Love,Top of the pops
Mogwai,Kappa,The Other Eclectic Sound
The Royal Concept,World On Fire,Songs Up to April 2015
DJ Mongoose,Rip Shit Up - DJ Isaac Remix,Various Artists ‚Äì Happy Hardcore Top 100
UNKLE,Restless (feat. Josh Homme) - 16 Bit Lolitas remix,partey
Charles Simic,Everybody Knows the Story...,100 Great Poems - Classic Poets & Beatnik Freaks
Moby,Natural Blues - Katcha Remix,Moby
Alessandro De Marchi,Concerto RV208 Grosso Mogul - Grave Recitativo,Varios baroque
Wynton Marsalis,Melancholia,Gregory Gray‚Äôs iPod Selection
Medications,Tame On the Prowl,Starred
Beirut,Scenic World (Version),Starred
Jackson Browne,You Love The Thunder,Go To Playlist
R√∂yksopp,Compulsion,R√∂yksopp ‚Äî The Inevitable End
Casting Crowns,Courageous,Jp's - Rock
Yanni,Until the Last Moment,Home Local Files 
Rise Against,Hero Of War,chill
Beckers,Alphavella,MNMLTKHSE
Shabazz Palaces,Recollections of the wraith,Liked from Radio
Incubus,Nice to Know You,Starred
Wolfgang Amadeus Mozart,"Symphony No.40 in G minor, K.550: 4. Finale (Allegro assai)",Berlin Philharmonic
Anne Clark,Our Darkness,Amphi 2013 
Moby,Flying Foxes,2013 04 : Apr
The Pretty Reckless,Heaven Knows,Pop ingles
Beneath The Watchful Eyes,Exposed,helloiamjohn
Ramones,Merry Christmas (I Don't Wanna Fight Tonight) - Remastered,Tadd's Christmas Mix
Hector El Father,Maldades,The Music of GTA
Two Steps From Hell (310 985-1,Birth Of Power,Two Steps from Hell
Bonobo,Sleepy Seven,Shortlist for feeling
Stromae,Formidable,Starred
The Datsuns,Freeze Sucker,Boom
Loquillo y Trogloditas,09 Caray (con Jaime Urrutia),Generos
Benjamin Diamond,Little Scare,paris time
Meshell Ndegeocello,Dred Loc,Starred
The Seatbelts,Tank!,mike
Lady Gaga,Judas,kawaii
Mew,Behind the Drapes,itunes
Grand Funk Railroad,Footstompin' Music - Live,Kick Ass LIVE!!
Lana Del Rey,Once Upon a Dream,Pachuca
Alexandra Stan,Get Back Asap,enfocamp 
Capital Cities,Safe and Sound,MIS FAVORITAS
Dead Kennedys,Holiday In Cambodia,Rock and Fucking Roll
Berlin,Metro (Sigue Sigue Sputnik Mix),I am not a frontier psychiatrist
Curtis Harvey,Across The Sea,Tis My Country
Nelly Furtado,I'm Like A Bird,"Random, but awesome songs"
The Low Anthem,Lover Is Childlike,Various Artists ‚Äì The Hunger Games: Songs From District 12 And Beyond
Syke 'N' Sugarstarr Feat. Alexandra Prince,Are You (Watching Me Watching You),Music
Solid Sessions,Janeiro - Pronti & Kalmani Vocal Mix Radio Version,Trance Classics
Phil Collins,Easy Lover,80's Yeah
Little Boots,Broken Record,Best of 2013
Fair To Midland,The Greener Grass,2011 in albums
Keith & Kristyn Getty,Fullness of Grace,Christmas
Solomon Ilori,Yaba E - 2006 Digital Remaster,RARELAX
Melissa Horn,Tyck synd om mig nu,Melissa Horn
Twentyeight,Hope,Various Artists ‚Äì Sensual Spa Lounge - Chill-Out & Lounge Collection
The Kite String Tangle,Arcadia,Starred
Anssi Kela,Mikan Faijan BMW,yxdeevine
Jessie J,Nobody's Perfect,ALT
Cut Copy,Hearts On Fire,#saturdaymorningmusic
Chief Keef,Hate Bein' Sober,theforceisstrongwiththisone
OK Go,"In the Glass - Live at Club Nokia: Lost Angeles, CA 11/27/10",TurboFavs
Natalie Imbruglia,Shiver,Mi selecci√≥n
David Bowie,Ziggy Stardust,Feb4th 
The Miracles,"Medley: We Wish You a Merry Christmas, Auld Lang Syne",multiple personality playlist 
Ramin Djawadi,Pyat Pree,Game of Thrones
Byata,Street Corners,Rap
Fleetwood Mac,Mic The Screecher (Jam Sessions),Fleetwood Mac - Rumours
INXS,Devil Inside,Starred
Luis Miguel,Fria Como El Viento,Lo Mejor de los 80's abridged
Above & Beyond,Sink The Lighthouse,Current Tunes
The Mars Volta,El Ciervo Vulnerado,truc √† √©couter
Kylie Minogue,Heart Beat Rock,Music
Kimbra,Call Me - Deluxe Bonus Track,Kimbra
Whitesnake,Ain't No Love In The Heart Of The City - 2003 Remastered Version,gassien
Randy Newman,You've Got a Friend in Me,I have too many playlists
Macklemore & Ryan Lewis,Thrift Shop - feat. Wanz,2012 and before
Trancemission,Reggae Rasta Music (Zerjio Mix,psychedelic trance
The Walkmen,Stranded,Pitchfork
The Rolling Stones,Not Fade Away - (Original Single Mono Version),Curso
Steely Dan,Reelin' In The Years,Playlist √©clectique
The Swinging Blue Jeans,She Loves You,2012 London Olympics - Opening Ceremony - www.soundofus.com
Vetusta Morla,La Marea,Vetusta Morla
Amon Amarth,Varyags Of Miklagaard,Metal
Joseph Arthur,In The Sun,bubu
Ying Yang Twins,Get Low,Hip Hop tracks
Ozzy Osbourne,Crazy Train,Rock L-Z
The Lucksmiths,Dignified and Old,Candle
Zhan√©,Hey Mr. D.J.,Cam's Jams
The Band,The Weight,Katy's Party
Mariel Mariel,T√≠rame Un Beso,Gurrl Power
Joe Arroyo Y La Verdad,La Cuna Mia,Joe Arroyo - Arroyando 1981
Hoobastank,No Win Situation,Library & Streams (Part 7)
Thorleifs,Blue Blue Moon,Bozero Dans
Kendrick Lamar,Poetic Justice,Hopping.
M.M.Keeravaani,Allo nerello,MyTeluguFavs
Lana Del Rey,Blue Velvet,On-the-go 2: Compact
Dexys Midnight Runners,Come On Eileen - Single Edit,Woohoo
Joel Fletcher,Queef,Soff
La Fuga,Por verte sonreir,Conciertos Melodeando 2009
Death Cab for Cutie,Soul Meets Body,Good Stuff
Karaoke Backtrax Library,The Pineapple Song (Turn Around and Let Me See) [Originally Performed by Good Size] [Karaoke Version],Starred
Blank Dogs,Blurred Tonight,Indie-lo-fi-lectro-math-popsicle
Sound Providers,Night Steps,Starred
Nine Inch Nails,Head Like a Hole,@indiesongaday 1 song per band (indie rock ultimate discovery mix) [not for your average hipster]
Talking Heads,Slippery People - Live,Starred
Juan D'Arienzo,La cumparsita,Tango
M83,Echoes of Mine,CHILL
The Pretty Reckless,Heaven Knows,Starred
M-Clan,Maggie Despierta - Maggie May,Navidades 2013
Pl√°cido Domingo,"Ernani, Act III, Scene and Cavatina: Oh"," de' verd'anni miei"" - Carlo V""",Pl√°cido Domingo - Verdi
Metric,Sick Muse,dicos varios
Igorrr,Tootphaste,Igorrr ‚Äì Hallelujah
Red Hot Chili Peppers,Subway To Venus - 2003 Digital Remaster,Do You Remember the First Time?
Martika,Toy Soldiers - Single Version,Various Artists ‚Äì The Ultimate 80's
Barricada,No hay tregua - directo Plaza de toros Pamplona,Rock espa√±ol
La Roux,In for the Kill (Lifelike Remix),Joan Bou @ Vivac
Weekend,"A View From Her Room - 12 Version""",GILLES JB
Oscar Peterson Trio,Where do I go from here,Jazz Piano
Second,Extenuaci√≥n,PolifoniK Sound 2014
Lelia Broussard,Scared To Feel,Slow
The Vasco Era,Chemicals Run Out,Library & Streams (Part 8)
Glee Cast,You Can't Stop The Beat (Glee Cast Version),Glee
Johann Sebastian Bach,"Wo soll ich fliehen hin, BWV 5: Chorale: Fuhr auch mein Herz und Sinn",Cantatas Gardiner I
Pearl Jam,Better Man - Live,MyStuffFifthpart!!!!!
R. Kelly,If I Could Turn Back the Hands of Time,sleep
Poolside,Between Dreams,January Rotate
After The Fire,Der Kommissar,My College Radio
Autour De Lucie,Chanson De L'Arbre,Starred
Lower Dens,Stem,Pitchfork Fest 2012
Ellie Goulding,The Writer,everything
Smooth,Smooth,H√¥tel Costes
Keane,We Might As Well Be Strangers - Lamacq Live - BBC Session 5/4/2004,Starred
Sizzla,Babylon Cowboy,Reggae New Roots & Rub-a-dub
Den svenska bj√∂rnstammen,Allting kommer bli bra,Shuffle
Carrie Underwood,Undo It,HerG√ºnVuruyomKuruKuru
Friends,A Thing Like This,June 2012
Leftfield,Release The Pressure,Ambiente
Pink Floyd,Shine On You Crazy Diamond (Parts 1 - 6) [Live At Wembley 1974] (2011 Mix),Pink Floyd ‚Äì Wish You Were Here [2011 - Remaster] (2011 Remastered Version) 2
Tony Martinez & Josepo,I Feel,000-va-anual_2009-3cd-2009-vpe
Faul & Wad Ad,Changes - Original Mix,Spre den gode musikken
E-40,This Is the Life - feat. Sam Bostic,Starred
We Invented Paris,Iceberg,Fractions
Donovan,Colours - Live,Songs to Inspire and Warn
Caravan Palace,Lazy Place,Rough Guides & Explorer Series - World Music Favorites
6ixth Sense,Cintaku Padamu Seluas Angkasa (Selawat) - Single Version,din
Johnny Burnette,The Train Kept A-Rollin',Various Artists ‚Äî The Greatest '50s Rock N' Roll Collection Ever
The Dandy Warhols,The Last High,On-the-go: Everyday listening
Bon Iver,Come Talk to Me,Fashioning Guitars out of Canoes
Fools Garden,Lemon Tree,¬øTe suenan?
Bon Iver,Skinny Love,Random things
Cold War Kids,Royal Blue,Sad songs for dirty lovers [Closed]
Empire Of The Sun,Walking On A Dream,noisy and fun
The Afghan Whigs,Crime Scene Part One,2014
Basement Jaxx,Red Alert,One of Each
A.S.Y.S.,Cheers (DJ Zany Remix),Blandat
Jaded Heart,Paid My Dues,Knall i Padden 2
The Techniques,Queen Majesty,Classic Reggae
Frank Zappa,"Trouble Every Day - Live In New York City, 1984",Frank Zappa
GusGus,Desire,GusGus ‚Äì Attention
The Hoosiers,Somewhere in the Distance,The Hoosiers ‚Äì The News from Nowhere
Pixies,Nimrod‚Äôs Son,Starred
Phuture Assassin,Ganja Madness - E-Lab Rat Remix,Various Artists ‚Äì Future Rave Anthems 2 - Mixed by DJ Faydz
Josh Record,Bed Of Thorns - Demo,Library & Streams (Part 22)
Sara Evans,A Real Fine Place to Start,CRAIG COUNTRY
Los Campesinos!,Hello Sadness,2011 Album
Ayreon,E=mc 2,Prog Rock
Fernando Etxepare,Missa festiva pour choeur et orchestre: Gloria,Various Artists ‚Äì Lourdes: 150 ans de chants
British Sea Power,Man Of Aran,:)
tUnE-yArDs,Look Around,5-6-14 releases
Dorrough,Caramel Sundae,Bubba Sparxxx ‚Äì The New South
"Kishore Kumar, Mohd. Rafi, Asha Bhosle, Lata Mangeshkar, Chorus, Dilraj Kaur",Yaar Ki Khabar Mil Gayi,Kishore Kumar
Calle 13 & Tuna Bardos UPR Rio Piedras-Choir,La Jirafa,rafaeltinoko
The Fray,Run for Your Life,en salig blandning
Aaron Wheeler,Nearing Destiny,Aaron Wheeler
Marlango,White Noise (Secret Sound),marlango
The National,Vanderlyle Crybaby Geeks,Te ontdekken (en opschonen) 
The Fox,The Fox (Extended Version),the fox
Bon Iver,Lump Sum,No shave November
We Set Our Dreams,Nothing Stays the Same,Starred
Menno de Jong,Sunset in Rio - Original Mix,Electronic <3
Coldplay,Fix You - Live,All about Coldplay
Lucy Rose,Bikes,Session Rooms #1
Bill Hicks,Trying To Quit,Voices-Voces
Trivium,Ember To Inferno,Big play list
Karaoke Beatbox Gang,The Next Episode (Instrumental) - As Made Famous by Dr. Dre & Snoop Dogg,Rap
Major Lazer,Get Free,for shuffling
The Beach Boys,Wendy,jumpy
Gyorgy Sandor,"Pensees, Op. 62 - Iii. Andante",Prokofiev
The Shins,Phantom Limb,Indie Wok on Soundrop
Sidecars,Fan De Ti - Edit Version,Varis 4
Novedades Carminha,Non Quito o Ch√°ndal,Starred
Coheed and Cambria,A Favor House Atlantic,Old jams that still jam
Johnny Cash,When The Roll Is Called Up Yonder,johnny cash
Drake,Draft Day,April Releases
Gathered Ghosts,Cherry Tree,BIRP!
Echoing Angels,Sad Sad Tears,Rock
Black Moth Super Rainbow,Like a Sundae,Neue Work Playlist...
Lemaitre,Steady State,The Bossio's T√ì
Sparks,This Town Ain't Big Enough For Both Of Us,70s
Bruce Springsteen,Dream Baby Dream,Starred
William Walton,Set Me as a Seal upon Thine Heart,m√∫sica para estudiar
Lucy Rose,Middle of the Bed,run
Coldplay,Midnight - Giorgio Moroder Remix,-2014FAV-
Natalia Kills,Saturday Night,Liked from Radio
Ellie Goulding,Figure 8,Ellie Goulding ‚Äì Halcyon
Grimes,Genesis,Great Escape 2012
Brian Eno,Kurt's Rejoinder - 2004 Digital Remaster,Starred
Rasputina,You Don't Own Me,Rasputina
No Te Va Gustar,Tan lejos,GetUp
Breakbot,Shades Of Black,Starred
Frank Sinatra,Fly Me to the Moon - in Other Words,SINATRA
Diana Vickers,Hit,Albums 1
A Silent Film,Lamplight,Bunbury
Rare Earth,It Makes You Happy (But It Ain't Gonna Last Too Long),Rare Earth - The Best Of Rare Earth
Hootie & The Blowfish,I Go Blind,My Youth
Ben Webster,Blue Skies - Digitally Remastered,pa¬¥leer
New Navy,Zimbabwe,Kitsune Comps
Basta!,Folky Tune 2,Klassiek
Chicane,Poppiholla (5am mix),Everything - A to Z
Sheryl Crow,We Oughta Be Drinkin',Country
Loquillo,Quiero Un Camion,spanish rock y +
Hanne Kolst√∏,We Don¬¥t See Ourselves,SXSW 2015 Showcasing Artists
Faith Hill,Breathe,2001
Gnarls Barkley,Crazy,Ma√±ana
Moses Kahumoku,P≈çhakuloa,Liked from Radio
Roses & Revolutions,When a Heart Gives Out,Library & Streams (Part 9)
Louis Jordan & His Tympany Five,Fatback and Corn Likker,DRINKING
Big Country,Heart & Soul,trythis
City and Colour,Forgive Me,Songs i want to learn on the guitar
The Beloved,Sweet Harmony,2012 SOUNDTRACK
Apocalyptica,On the Rooftop with Quasimodo,M√∂rs
Patrick Sexx,Code Red,TT
Keane,Everybody's Changing - Original Demo Fierce Panda,Starred
Rihanna,Bitch Better Have My Money,2015 A D√çA DE HOY
Matchbox Twenty,These Hard Times,Strane
Carl Czerny,Variation On A Theme By Diabelli: Coda,J√∂rg Demus ‚Äì Variations On A Waltz by Diabelli
John Zorn,Shevet,my stuff!
Melissa Horn,S√§g ingenting till mig,Annette
Smokey Robinson & The Miracles,Christmas Lullaby,Christmas
Liz Story,Once In Royal David's City,Christmas
Jay Sean,Stolen - Original Full Length Version,Mona
T De K (F),La farmacia de mi barrio,Latina
ZPU,Verano,ZPU ‚Äì Doce Lunas
Lydia Ainsworth,PSI,Albums 2014
Vince Guaraldi Trio,The Christmas Song,Old School Holiday
The O'Jays,Livin' for the Weekend,"soul, funk i afrobeat"
Goblin,Suspiria - Originale,Movie Soundtracks
98¬∫,The Hardest Thing,MAN BANDS
Chad VanGaalen,Where Are You?,CAR
Wild Nothing,A Dancing Shell,2013
Beck,Blackbird Chain,Give Another Listen
Mac Graham,Now That You're Gone,Pop / R&B / Mainstream
William S. Burroughs,Fats Terminal Has Organized A Purple Ass Stick For Motorcyclists,FOUND IT!
Gizmo,Being A Gangsta,The Dreamteam 4Ever
Radiohead,Exit Music (For A Film),bram radio
T. Rex,Hot Love - Remastered Single Version / bonus track,~*babez new & old*~
Musiq Soulchild,Dontchange - Album Version (Edited),My Shazam Tracks
The Heavy,And When I Die,Fitness playlist
The Doors,We Could Be So Good Together,Chemistry
Guster,Satellite,Late Night Adventures
Glenn Gould,"3 Lyric Pieces for Piano, Op. 41, Kyllikki"": III. Commodo - Tranquillo""",Glenn Gould ‚Äî Glenn Gould - The Acoustic Orchestrations - Works by Scriabin and Sibelius
alt-J,Matilda,This is Amazing
Kenny Chesney,Key Lime Pie,Uke
Glee Cast,Keep Holding On,Vanilla Twilight
Los Planetas,Cumplea√±os Total,Starred
Chief,Mighty Proud,Starred
MKRNI,Inercia,All We Need. 
The Avett Brothers,The Traveling Song,The Avett Brothers 
Barbara,J'ai Tue L'amour,Starred
Enigma,Principles Of Lust: Sadeness/Find Love/Sadeness (Reprise) (Medley),Liked from Radio
NOFX,Brain Constipation,nofx
Tender Forever,You Have the Woods,Favorites
Einar Lindqvist,Meow,Greatest Hits
Jackson Browne,Fountain Of Sorrow - Live,Jackson Browne - Solo Acoustic Volume 2
The Happy Hippo Family,R U Injured?,Starred
Iggy Azalea,Work,hip hop/rnb
Daniel Barenboim & Berlin Philharmonic Orchestra,Mozart : Piano Concerto No.22 in E flat major K482 : III Allegro,Cl√†ssica
The Knife,Oryx,Yeah girl get sum
Ne-Yo,Let Me Love You (Until You Learn To Love Yourself),Work Toons
The Pine Hill Haints,Shattered Waltz,Radio Hannibal's Albums of 2014
Neil Young,Rockin' In The Free World,"rock, rock'n'roll, country"
Frank Zappa,"Evelyn, A Modified Dog",mosca
The Doors,The WASP (Texas Radio And The Big Beat),Rock Pop Folk
Fedde Le Grand,Where We Belong,Starred
Robin Thicke,Get In My Way,Robin Thicke
Steve Earle,Marie,Steve Earle
Daft Punk,Giorgio by Moroder,JBs 2013 New Releases
Escapists,Burial,Library & Streams (Part 7)
My Best Fiend,In Ghostlike Fading,My Best Fiend ‚Äì In Ghostlike Fading
Nirvana,About A Girl,ENERGY..
Taken By Trees,My Boys,Taken By Trees ‚Äì Anna
Caifanes,Detr√°s de Ti,Starred
Loose Ends,Hangin' On a String,80's Electronic pops
Soulsavers,Tonight,Soulsavers ‚Äì The Light The Dead See
Radiohead,How Do You?,Radiohead
Kasabian,Goodbye Kiss,Ideas 2.0
Rihanna,Raining Men,Holiday
Bonnie Tyler,Total Eclipse of the Heart,Soft Music
Oslo Ess,Hold Deg V√•ken,De beste fra norsk r√•kk
Alien Ant Farm,Smooth Criminal,Workout jams 
The Friday Night Boys,Permanent Heartbreak,Summer night
Phil Wickham,This Is Amazing Grace,Holy Songs
Cocteau Twins,Carolyn‚Äôs Fingers,Starred
Live Bait,She Sure Looked Good To Me,Starred
Dada Life,Cheap Thrills For A Lost Generation,Dada Life
Anika Larsen,Happy Days Are Here Again,2013-2014 Broadway Season
The Hit Co.,"Reconsider, Baby",The Hit Co. ‚Äì The Essential Blues Collection
